Murphy,Diane,dmurphy@classicmodelcars.com,1,100 Market Street,Suite 300,San Francisco,CA,USA,94080
Patterson,Mary,mpatterso@classicmodelcars.com,1,100 Market Street,Suite 300,San Francisco,CA,USA,94080
Firrelli,Jeff,jfirrelli@classicmodelcars.com,1,100 Market Street,Suite 300,San Francisco,CA,USA,94080
Bow,Anthony,abow@classicmodelcars.com,1,100 Market Street,Suite 300,San Francisco,CA,USA,94080
Jennings,Leslie,ljennings@classicmodelcars.com,1,100 Market Street,Suite 300,San Francisco,CA,USA,94080
Thompson,Leslie,lthompson@classicmodelcars.com,1,100 Market Street,Suite 300,San Francisco,CA,USA,94080
Firrelli,Julie,jfirrelli@classicmodelcars.com,2,1550 Court Place,Suite 102,Boston,MA,USA,02107
Patterson,Steve,spatterson@classicmodelcars.com,2,1550 Court Place,Suite 102,Boston,MA,USA,02107
Tseng,Foon Yue,ftseng@classicmodelcars.com,3,523 East 53rd Street,apt. 5A,NYC,NY,USA,10022
Vanauf,George,gvanauf@classicmodelcars.com,3,523 East 53rd Street,apt. 5A,NYC,NY,USA,10022
Bondur,Gerard,gbondur@classicmodelcars.com,4,43 Rue Jouffroy D'abbans,null,Paris,null,France,75017
Bondur,Loui,lbondur@classicmodelcars.com,4,43 Rue Jouffroy D'abbans,null,Paris,null,France,75017
Hernandez,Gerard,ghernande@classicmodelcars.com,4,43 Rue Jouffroy D'abbans,null,Paris,null,France,75017
Castillo,Pamela,pcastillo@classicmodelcars.com,4,43 Rue Jouffroy D'abbans,null,Paris,null,France,75017
Gerard,Martin,mgerard@classicmodelcars.com,4,43 Rue Jouffroy D'abbans,null,Paris,null,France,75017
Nishi,Mami,mnishi@classicmodelcars.com,5,4-1 Kioicho,null,Tokyo,Chiyoda-Ku,Japan,102-8578
Kato,Yoshimi,ykato@classicmodelcars.com,5,4-1 Kioicho,null,Tokyo,Chiyoda-Ku,Japan,102-8578
Patterson,William,wpatterson@classicmodelcars.com,6,5-11 Wentworth Avenue,Floor #2,Sydney,null,Australia,NSW 2010
Fixter,Andy,afixter@classicmodelcars.com,6,5-11 Wentworth Avenue,Floor #2,Sydney,null,Australia,NSW 2010
Marsh,Peter,pmarsh@classicmodelcars.com,6,5-11 Wentworth Avenue,Floor #2,Sydney,null,Australia,NSW 2010
King,Tom,tking@classicmodelcars.com,6,5-11 Wentworth Avenue,Floor #2,Sydney,null,Australia,NSW 2010
Bott,Larry,lbott@classicmodelcars.com,7,25 Old Broad Street,Level 7,London,null,UK,EC2N 1HN
Jones,Barry,bjones@classicmodelcars.com,7,25 Old Broad Street,Level 7,London,null,UK,EC2N 1HN
